headline,employer,location,webpage_url,ai_focus
"Senior AI-utvecklare, konsultuppdrag Göteborg",Intensogruppen AB,Göteborg,https://arbetsformedlingen.se/platsbanken/annonser/31455902,True
AI-utvecklare  projektanställning för lokal FAQ-/RAG-lösning,Vizzit International AB,Stockholm,https://arbetsformedlingen.se/platsbanken/annonser/31360409,True
AI/ML-utvecklare,Softhouse Nordic AB,Stockholm,https://arbetsformedlingen.se/platsbanken/annonser/31435730,True
AI-utvecklare/AI-ingenjör med praktisk erfarenhet,NXT Interim Stockholm AB,Solna,https://arbetsformedlingen.se/platsbanken/annonser/31498889,True
Senior utvecklare med AI-fokus,Knowit Aktiebolag (publ),Linköping,https://arbetsformedlingen.se/platsbanken/annonser/31525497,True
Konsultuppdrag 12 månader Senior AI -utvecklare,LH Affärsutveckling AB,Stockholm,https://arbetsformedlingen.se/platsbanken/annonser/31530734,True
"Utvecklare sökes  4BrightRX, AI-driven rekryteringsplattform","Wittman, Arnold",Okänd ort,https://arbetsformedlingen.se/platsbanken/annonser/31428566,True
AI/ML Utvecklare till Softhouse i Luleå,Softhouse Nordic AB,Luleå,https://arbetsformedlingen.se/platsbanken/annonser/31373360,True
AI Engineer - ADAS AI Agents,Luxoft Sweden AB,Göteborg,https://arbetsformedlingen.se/platsbanken/annonser/31504434,True
AI-arkitekt för AI-plattform,Agile Resources AB,Göteborg,https://arbetsformedlingen.se/platsbanken/annonser/31478374,True
